{
  "backoff_reason": "system_load_exceeded",
  "system_load": {
    "load1m": 12.89208984375,
    "load5m": 6.77099609375,
    "load15m": 3.68115234375
  },
  "load_max": 9,
  "cpu_cores": 10,
  "created_at": "2026-03-27T00:00:01.480Z",
  "ttl_ms": 3600000
}
